"Id","Position","First Name","Last Name","FPPG","Played","Salary","Game","Team","Opponent","Injury Indicator","Injury Details","",""
"16721-8193","G","Tuukka","Rask","29.333333333333332","3","9200","MIN@BOS","BOS","MIN","DTD","Undisclosed","",""
"16721-8781","G","Cory","Schneider","21.280000305175783","5","9100","ARI@NJ","NJ","ARI","","","",""
"16721-8712","G","Roberto","Luongo","20","4","9100","FLA@PIT","FLA","PIT","","","",""
"16721-8883","G","Ben","Bishop","11.466667175292969","3","9000","TB@TOR","TB","TOR","","","",""
"16721-8212","G","Ryan","Miller","21.200000762939453","2","9000","OTT@VAN","VAN","OTT","","","",""
"16721-42869","G","Matt","Murray","21.53846153846154","13","8800","FLA@PIT","PIT","FLA","IR","Hand","",""
"16721-12163","G","Sergei","Bobrovsky","25","4","8700","CLS@LA","CLS","LA","","","",""
"16721-8612","G","Marc-Andre","Fleury","17.066666920979817","6","8700","FLA@PIT","PIT","FLA","","","",""
"16721-8412","G","Jonathan","Quick","7.199999809265137","1","8600","CLS@LA","LA","CLS","IR","Groin","",""
"16721-15400","G","Petr","Mrazek","19","4","8600","CAR@DET","DET","CAR","","","",""
"16721-54565","G","Andrei","Vasilevskiy","29.600000381469727","2","8500","TB@TOR","TB","TOR","","","",""
"16721-9112","G","Jake","Allen","14.080000305175782","5","8500","CGY@STL","STL","CGY","","","",""
"16721-8292","G","Craig","Anderson","17.399999618530273","4","8500","OTT@VAN","OTT","VAN","","","",""
"16721-8353","G","Jimmy","Howard","38.79999923706055","2","8500","CAR@DET","DET","CAR","","","",""
"16721-23072","G","Frederik","Andersen","9.800000190734863","4","8500","TB@TOR","TOR","TB","","","",""
"16721-15268","G","John","Gibson","11.359999847412109","5","8400","ANH@SJ","ANH","SJ","","","",""
"16721-8920","G","Devan","Dubnyk","14.560000610351562","5","8400","MIN@BOS","MIN","BOS","","","",""
"16721-11133","G","Carter","Hutton","30.399999618530273","1","8400","CGY@STL","STL","CGY","","","",""
"16721-9278","G","Martin","Jones","12","5","8400","ANH@SJ","SJ","ANH","","","",""
"16721-8672","G","Mike","Smith","15.600000381469727","2","8400","ARI@NJ","ARI","NJ","IR","Lower body","",""
"16721-8172","G","Kari","Lehtonen","14.399999618530273","4","8300","WPG@DAL","DAL","WPG","","","",""
"16721-12283","G","Jacob","Markstrom","20.200000762939453","4","8200","OTT@VAN","VAN","OTT","","","",""
"16721-8655","C","Steven","Stamkos","17","5","8200","TB@TOR","TB","TOR","","","",""
"16721-8594","C","Sidney","Crosby","16.110000610351562","80","8200","FLA@PIT","PIT","FLA","O","Concussion","",""
"16721-8986","W","Jamie","Benn","13.739999389648437","5","8100","WPG@DAL","DAL","WPG","","","",""
"16721-8426","D","Brent","Burns","25.5500005086263","6","8100","ANH@SJ","SJ","ANH","","","",""
"16721-8780","G","Jonathan","Bernier","21.600000381469727","1","8000","ANH@SJ","ANH","SJ","","","",""
"16721-9288","G","Antti","Niemi","11.199999809265137","2","7900","WPG@DAL","DAL","WPG","","","",""
"16721-23071","W","Vladimir","Tarasenko","21.850001017252605","6","7900","CGY@STL","STL","CGY","","","",""
"16721-14466","G","Darcy","Kuemper","11.600000381469727","2","7900","MIN@BOS","MIN","BOS","","","",""
"16721-8595","C","Evgeni","Malkin","13.5","6","7900","FLA@PIT","PIT","FLA","","","",""
"16721-12417","C","Tyler","Seguin","14.7","5","7900","WPG@DAL","DAL","WPG","","","",""
"16721-8864","G","Robin","Lehner","10.800000190734863","4","7800","BUF@PHI","BUF","PHI","DTD","Illness","",""
"16721-9052","G","James","Reimer","8","1","7800","FLA@PIT","FLA","PIT","","","",""
"16721-8312","G","Steve","Mason","9","4","7800","BUF@PHI","PHI","BUF","","","",""
"16721-9302","G","Michal","Neuvirth","8","2","7800","BUF@PHI","PHI","BUF","","","",""
"16721-8615","W","Joe","Pavelski","20.166666666666668","6","7800","ANH@SJ","SJ","ANH","","","",""
"16721-8944","G","Chad","Johnson","13.866666158040365","3","7700","CGY@STL","CGY","STL","","","",""
"16721-14183","G","Keith","Kinkaid","14.33043504797894","23","7600","ARI@NJ","NJ","ARI","","","",""
"16721-8958","G","Jeff","Zatkoff","0.5333333412806193","3","7600","CLS@LA","LA","CLS","IR","Lower body","",""
"16721-39349","G","Reto","Berra","16.857142857142858","14","7600","FLA@PIT","FLA","PIT","","","",""
"16721-58904","G","Aaron","Dell","20.799999237060547","1","7600","ANH@SJ","SJ","ANH","","","",""
"16721-8134","C","Ryan","Getzlaf","17.900000254313152","6","7600","ANH@SJ","ANH","SJ","","","",""
"16721-39844","G","Mike","Condon","5.599999904632568","1","7600","FLA@PIT","PIT","FLA","","","",""
"16721-8553","G","Brian","Elliott","0.8000000317891439","3","7600","CGY@STL","CGY","STL","","","",""
"16721-8252","G","Cam","Ward","2.4000000953674316","2","7500","CAR@DET","CAR","DET","","","",""
"16721-8893","G","Anton","Khudobin","2","2","7400","MIN@BOS","BOS","MIN","DTD","Undisclosed","",""
"16721-9005","G","Jhonas","Enroth","7.199999809265137","1","7400","TB@TOR","TOR","TB","","","",""
"16721-58909","G","Connor","Hellebuyck","10.133333206176758","3","7400","WPG@DAL","WPG","DAL","","","",""
"16721-8293","G","Peter","Budaj","12.800000508626303","3","7400","CLS@LA","LA","CLS","","","",""
"16721-8182","W","Blake","Wheeler","16.23999938964844","5","7400","WPG@DAL","WPG","DAL","","","",""
"16721-11294","G","Michael","Hutchinson","15.199999809265137","2","7400","WPG@DAL","WPG","DAL","","","",""
"16721-54809","G","Linus","Ullmark","15.639999389648438","20","7400","BUF@PHI","BUF","PHI","","","",""
"16721-14483","G","Louis","Domingue","1.7999999523162842","4","7400","ARI@NJ","ARI","NJ","","","",""
"16721-15321","C","Mark","Scheifele","18.08000030517578","5","7300","WPG@DAL","WPG","DAL","","","",""
"16721-38930","G","Andrew","Hammond","-4","1","7300","OTT@VAN","OTT","VAN","","","",""
"16721-8394","C","Anze","Kopitar","14.739999389648437","5","7300","CLS@LA","LA","CLS","","","",""
"16721-54065","G","Joonas","Korpisalo","19.12258025138609","31","7300","CLS@LA","CLS","LA","IR","Groin","",""
"16721-15258","G","Garret","Sparks","12.329412123736214","17","7200","TB@TOR","TOR","TB","","","",""
"16721-12619","G","Jack","Campbell","0","0","7200","CLS@LA","LA","CLS","","","",""
"16721-8551","D","Erik","Karlsson","21.3","5","7200","OTT@VAN","OTT","VAN","","","",""
"16721-43131","G","Malcolm","Subban","0","0","7200","MIN@BOS","BOS","MIN","","","",""
"16721-54514","W","Johnny","Gaudreau","10","6","7100","CGY@STL","CGY","STL","","","",""
"16721-8763","W","Brad","Marchand","21.7","5","7100","MIN@BOS","BOS","MIN","","","",""
"16721-9212","G","Justin","Peters","14.399999618530273","1","7100","ARI@NJ","ARI","NJ","","","",""
"16721-8142","W","Corey","Perry","15.15000025431315","6","7100","ANH@SJ","ANH","SJ","","","",""
"16721-9252","G","Alex","Stalock","8.123076805701622","13","7100","MIN@BOS","MIN","BOS","","","",""
"16721-14468","G","Anders","Nilsson","13.048275651602909","29","7100","BUF@PHI","BUF","PHI","","","",""
"16721-8765","W","Patric","Hornqvist","15.183333079020182","6","7000","FLA@PIT","PIT","FLA","","","",""
"16721-8233","G","Curtis","McElhinney","7.600000169542101","18","7000","CLS@LA","CLS","LA","","","",""
"16721-8253","G","Michael","Leighton","8.800000190734863","1","7000","CAR@DET","CAR","DET","","","",""
"16721-8404","W","Wayne","Simmonds","17.26000061035156","5","7000","BUF@PHI","PHI","BUF","","","",""
"16721-11370","G","Eddie","Lack","7.200000127156575","3","7000","CAR@DET","CAR","DET","","","",""
"16721-8556","C","Claude","Giroux","13.519999694824218","5","7000","BUF@PHI","PHI","BUF","","","",""
"16721-8230","D","Mark","Giordano","14.59999974568685","6","6900","CGY@STL","CGY","STL","","","",""
"16721-8608","D","Kris","Letang","13.050000190734863","4","6900","FLA@PIT","PIT","FLA","DTD","Upper body","",""
"16721-8303","W","Jakub","Voracek","18.539999389648436","5","6800","BUF@PHI","PHI","BUF","","","",""
"16721-9269","C","Logan","Couture","12.966667175292969","6","6700","ANH@SJ","SJ","ANH","","","",""
"16721-41393","C","Aleksander","Barkov","14.5","5","6700","FLA@PIT","FLA","PIT","","","",""
"16721-41389","C","Sean","Monahan","8.266666412353516","6","6700","CGY@STL","CGY","STL","","","",""
"16721-8478","W","Zach","Parise","16.616666158040363","6","6700","MIN@BOS","MIN","BOS","","","",""
"16721-8682","W","Phil","Kessel","10.116666793823242","6","6700","FLA@PIT","PIT","FLA","","","",""
"16721-8264","D","Dustin","Byfuglien","11.84000015258789","5","6600","WPG@DAL","WPG","DAL","","","",""
"16721-43214","W","Nikita","Kucherov","9.38000030517578","5","6600","TB@TOR","TB","TOR","","","",""
"16721-8641","W","Alexander","Steen","15.366666158040365","6","6600","CGY@STL","STL","CGY","","","",""
"16721-8669","D","Victor","Hedman","11.4","5","6500","TB@TOR","TB","TOR","","","",""
"16721-12439","W","Jeff","Skinner","18.539999389648436","5","6500","CAR@DET","CAR","DET","DTD","Undisclosed","",""
"16721-8797","W","James","van Riemsdyk","11.2","5","6400","TB@TOR","TOR","TB","","","",""
"16721-9092","W","Evander","Kane","4.800000190734863","1","6400","BUF@PHI","BUF","PHI","O","Ribs","",""
"16721-8175","C","Patrice","Bergeron","8.399999618530273","2","6400","MIN@BOS","BOS","MIN","","","",""
"16721-8534","C","Jason","Spezza","10.55999984741211","5","6400","WPG@DAL","DAL","WPG","DTD","Undisclosed","",""
"16721-64100","C","Jack","Eichel","12.040740590036652","81","6300","BUF@PHI","BUF","PHI","IR","Ankle","",""
"16721-15280","W","Brandon","Saad","8","4","6300","CLS@LA","CLS","LA","","","",""
"16721-12244","D","Oliver","Ekman-Larsson","11.61999969482422","5","6300","ARI@NJ","ARI","NJ","","","",""
"16721-70899","C","Auston","Matthews","25.1","5","6300","TB@TOR","TOR","TB","","","",""
"16721-15283","C","Vincent","Trocheck","13.280000305175781","5","6200","FLA@PIT","FLA","PIT","","","",""
"16721-15217","W","Jonathan","Huberdeau","11.901315789473685","76","6200","FLA@PIT","FLA","PIT","IR","Lower body","",""
"16721-12410","W","Taylor","Hall","14.439999389648438","5","6200","ARI@NJ","NJ","ARI","","","",""
"16721-8555","C","Jeff","Carter","12.319999694824219","5","6200","CLS@LA","LA","CLS","","","",""
"16721-8502","W","Kyle","Okposo","14.466667175292969","3","6200","BUF@PHI","BUF","PHI","","","",""
"16721-8702","C","Ryan","Kesler","9.683333079020182","6","6200","ANH@SJ","ANH","SJ","","","",""
"16721-9124","C","Ryan","O'Reilly","18.575000762939453","4","6100","BUF@PHI","BUF","PHI","","","",""
"16721-14056","W","Cam","Atkinson","11.375","4","6100","CLS@LA","CLS","LA","","","",""
"16721-8698","W","Daniel","Sedin","11.366666158040365","6","6100","OTT@VAN","VAN","OTT","","","",""
"16721-8406","D","Drew","Doughty","12.1","5","6000","CLS@LA","LA","CLS","","","",""
"16721-8741","C","Nazem","Kadri","10.11999969482422","5","5900","TB@TOR","TOR","TB","","","",""
"16721-21523","W","Alex","Killorn","15.239999389648437","5","5900","TB@TOR","TB","TOR","","","",""
"16721-8258","W","Patrick","Sharp","7.199999809265137","4","5900","WPG@DAL","DAL","WPG","IR","Concussion","",""
"16721-13612","C","Tyler","Johnson","6.659999847412109","5","5900","TB@TOR","TB","TOR","","","",""
"16721-8651","D","Alex","Pietrangelo","12.383333841959635","6","5900","CGY@STL","STL","CGY","","","",""
"16721-8643","C","David","Backes","13.219999694824219","5","5900","MIN@BOS","BOS","MIN","","","",""
"16721-54521","D","Shayne","Gostisbehere","15.61999969482422","5","5800","BUF@PHI","PHI","BUF","","","",""
"16721-12628","W","Mark","Stone","11.04000015258789","5","5800","OTT@VAN","OTT","VAN","","","",""
"16721-14561","W","Jaromir","Jagr","10.6","5","5800","FLA@PIT","FLA","PIT","","","",""
"16721-42417","W","Jonathan","Drouin","13.8","5","5700","TB@TOR","TB","TOR","","","",""
"16721-15315","W","Ondrej","Palat","10.919999694824218","5","5600","TB@TOR","TB","TOR","","","",""
"16721-14178","D","Justin","Faulk","15.019999694824218","5","5600","CAR@DET","CAR","DET","","","",""
"16721-8274","C","Paul","Stastny","15.133333841959635","6","5600","CGY@STL","STL","CGY","","","",""
"16721-8294","C","Derick","Brassard","9.44000015258789","5","5600","OTT@VAN","OTT","VAN","","","",""
"16721-9259","W","Mike","Hoffman","12.259999847412109","5","5600","OTT@VAN","OTT","VAN","","","",""
"16721-15251","W","Boone","Jenner","7.599999904632568","4","5500","CLS@LA","CLS","LA","","","",""
"16721-21648","D","Torey","Krug","6.719999694824219","5","5500","MIN@BOS","BOS","MIN","","","",""
"16721-13982","W","Gustav","Nyquist","14.883333841959635","6","5500","CAR@DET","DET","CAR","","","",""
"16721-12624","W","Tyler","Toffoli","11.140000152587891","5","5500","CLS@LA","LA","CLS","","","",""
"16721-8241","W","Jussi","Jokinen","6.400000095367432","4","5500","FLA@PIT","FLA","PIT","DTD","Knee","",""
"16721-8438","W","Michael","Cammalleri","7.1400001525878904","5","5500","ARI@NJ","NJ","ARI","","","",""
"16721-11365","D","Kevin","Shattenkirk","11.133333841959635","6","5500","CGY@STL","STL","CGY","","","",""
"16721-8575","C","Martin","Hanzal","9.44000015258789","5","5500","ARI@NJ","ARI","NJ","","","",""
"16721-14474","D","Sami","Vatanen","12.833333333333334","6","5500","ANH@SJ","ANH","SJ","","","",""
"16721-15356","D","Dougie","Hamilton","6.400000254313151","6","5400","CGY@STL","CGY","STL","","","",""
"16721-9189","C","Mikael","Backlund","11.616666158040365","6","5400","CGY@STL","CGY","STL","","","",""
"16721-12644","W","Kyle","Palmieri","10.759999847412109","5","5400","ARI@NJ","NJ","ARI","","","",""
"16721-8176","C","David","Krejci","6.5","5","5400","MIN@BOS","BOS","MIN","","","",""
"16721-9266","W","Brayden","Schenn","2.4000000953674316","2","5400","BUF@PHI","PHI","BUF","","","",""
"16721-8466","D","Ryan","Suter","11.683333079020182","6","5400","MIN@BOS","MIN","BOS","","","",""
"16721-8596","C","Jordan","Staal","7.680000305175781","5","5400","CAR@DET","CAR","DET","","","",""
"16721-40036","W","Tomas","Hertl","9.333333333333334","6","5300","ANH@SJ","SJ","ANH","","","",""
"16721-39249","C","Nick","Bjugstad","9.81940334946362","67","5300","FLA@PIT","FLA","PIT","IR","Hand","",""
"16721-8335","C","Henrik","Zetterberg","6.299999872843425","6","5300","CAR@DET","DET","CAR","","","",""
"16721-39870","W","Tanner","Pearson","24.166666666666668","3","5300","CLS@LA","LA","CLS","","","",""
"16721-14473","W","Jakob","Silfverberg","6.133333206176758","6","5300","ANH@SJ","ANH","SJ","","","",""
"16721-8578","W","Shane","Doan","10.6","5","5300","ARI@NJ","ARI","NJ","","","",""
"16721-8614","C","Joe","Thornton","7.900000254313151","6","5300","ANH@SJ","SJ","ANH","","","",""
"16721-8726","D","Mike","Green","16.03333282470703","6","5200","CAR@DET","DET","CAR","","","",""
"16721-59218","W","David","Pastrnak","21.860000610351562","5","5200","MIN@BOS","BOS","MIN","","","",""
"16721-9077","C","Kyle","Turris","13.280000305175781","5","5200","OTT@VAN","OTT","VAN","","","",""
"16721-41592","W","Max","Domi","8.95999984741211","5","5200","ARI@NJ","ARI","NJ","","","",""
"16721-21689","W","Reilly","Smith","5.759999847412109","5","5200","FLA@PIT","FLA","PIT","","","",""
"16721-8162","C","Bryan","Little","9.600000381469727","1","5200","WPG@DAL","WPG","DAL","O","Lower body","",""
"16721-9293","W","Troy","Brouwer","11.40000025431315","6","5200","CGY@STL","CGY","STL","","","",""
"16721-8234","C","Eric","Staal","11.59999974568685","6","5200","MIN@BOS","MIN","BOS","","","",""
"16721-8414","C","Mikko","Koivu","10.34999974568685","6","5200","MIN@BOS","MIN","BOS","","","",""
"16721-59276","W","William","Nylander","21.039999389648436","5","5100","TB@TOR","TOR","TB","","","",""
"16721-15247","C","Victor","Rask","16.68000030517578","5","5100","CAR@DET","CAR","DET","","","",""
"16721-15287","C","Jean-Gabriel","Pageau","7.3599998474121096","5","5100","OTT@VAN","OTT","VAN","","","",""
"16721-8932","W","Zack","Smith","9.680000305175781","5","5100","OTT@VAN","OTT","VAN","","","",""
"16721-9079","D","Keith","Yandle","6.719999694824219","5","5100","FLA@PIT","FLA","PIT","","","",""
"16721-8138","W","Bobby","Ryan","10.980000305175782","5","5100","OTT@VAN","OTT","VAN","","","",""
"16721-8322","W","Loui","Eriksson","7.616666793823242","6","5100","OTT@VAN","VAN","OTT","","","",""
"16721-21122","C","Jaden","Schwartz","9.600000381469727","2","5100","CGY@STL","STL","CGY","","","",""
"16721-8539","W","Nick","Foligno","11.774999618530273","4","5100","CLS@LA","CLS","LA","","","",""
"16721-8497","C","Frans","Nielsen","8.033333460489908","6","5100","CAR@DET","DET","CAR","","","",""
"16721-62788","W","Dylan","Larkin","6.666666666666667","6","5100","CAR@DET","DET","CAR","","","",""
"16721-15308","C","Sean","Couturier","12.319999694824219","5","5000","BUF@PHI","PHI","BUF","","","",""
"16721-8833","W","P.A.","Parenteau","9.919999694824218","5","5000","ARI@NJ","NJ","ARI","","","",""
"16721-55607","D","Aaron","Ekblad","9.859999847412109","5","5000","FLA@PIT","FLA","PIT","","","",""
"16721-8202","W","Jason","Pominville","6.799999872843425","6","5000","MIN@BOS","MIN","BOS","","","",""
"16721-8522","W","Marian","Gaborik","8.896296183268229","54","5000","CLS@LA","LA","CLS","IR","Foot","",""
"16721-70900","W","Patrik","Laine","16.519999694824218","5","5000","WPG@DAL","WPG","DAL","","","",""
"16721-14457","D","John","Klingberg","8.2","5","5000","WPG@DAL","DAL","WPG","","","",""
"16721-8640","W","David","Perron","11.949999491373697","6","5000","CGY@STL","STL","CGY","","","",""
"16721-8694","C","Henrik","Sedin","11.766666412353516","6","5000","OTT@VAN","VAN","OTT","","","",""
"16721-8619","W","Patrick","Marleau","9.416666666666666","6","5000","ANH@SJ","SJ","ANH","","","",""
"16721-55375","C","Sam","Reinhart","7.724999904632568","4","4900","BUF@PHI","BUF","PHI","","","",""
"16721-42993","D","Rasmus","Ristolainen","16.899999618530273","4","4900","BUF@PHI","BUF","PHI","","","",""
"16721-58907","W","Nikolaj","Ehlers","7.619999694824219","5","4900","WPG@DAL","WPG","DAL","","","",""
"16721-8169","D","Zach","Bogosian","4.800000190734863","4","4900","BUF@PHI","BUF","PHI","","","",""
"16721-8187","D","Dennis","Wideman","16.433333079020183","3","4900","CGY@STL","CGY","STL","","","",""
"16721-8198","W","Thomas","Vanek","14.866666158040365","6","4900","CAR@DET","DET","CAR","","","",""
"16721-15269","C","Rickard","Rakell","10.380555894639757","72","4800","ANH@SJ","ANH","SJ","O","Personal","",""
"16721-11204","D","Jake","Muzzin","5.1200000762939455","5","4800","CLS@LA","LA","CLS","","","",""
"16721-9321","W","Tomas","Tatar","9.016666412353516","6","4800","CAR@DET","DET","CAR","","","",""
"16721-41394","D","Seth","Jones","12.199999809265137","4","4800","CLS@LA","CLS","LA","","","",""
"16721-16969","W","Charlie","Coyle","12.083333333333334","6","4800","MIN@BOS","MIN","BOS","","","",""
"16721-61246","D","Colton","Parayko","9.333333333333334","6","4700","CGY@STL","STL","CGY","","","",""
"16721-37968","W","Jonathan","Marchessault","19.23999938964844","5","4700","FLA@PIT","FLA","PIT","","","",""
"16721-15357","W","Carl","Hagelin","2.133333365122477","6","4700","FLA@PIT","PIT","FLA","","","",""
"16721-8709","D","Alexander","Edler","13.016666412353516","6","4700","OTT@VAN","VAN","OTT","","","",""
"16721-54743","C","Alexander","Wennberg","14.175000190734863","4","4700","CLS@LA","CLS","LA","","","",""
"16721-12843","C","Adam","Henrique","4.479999923706055","5","4700","ARI@NJ","NJ","ARI","","","",""
"16721-11122","C","Nick","Bonino","7.549999872843425","6","4700","FLA@PIT","PIT","FLA","","","",""
"16721-39269","C","Erik","Haula","7.800000190734863","4","4700","MIN@BOS","MIN","BOS","DTD","Lower body","",""
"16721-8186","D","Zdeno","Chara","8.480000305175782","5","4700","MIN@BOS","BOS","MIN","","","",""
"16721-8201","W","Clarke","MacArthur","2","4","4700","OTT@VAN","OTT","VAN","IR","Concussion","",""
"16721-8384","W","Michael","Frolik","12.466667175292969","6","4700","CGY@STL","CGY","STL","","","",""
"16721-23041","W","Mikael","Granlund","5.866666793823242","6","4700","MIN@BOS","MIN","BOS","","","",""
"16721-8520","W","Ryan","Callahan","8.619178249411387","73","4700","TB@TOR","TB","TOR","O","Hip","",""
"16721-8562","W","Scott","Hartnell","8.199999809265137","4","4700","CLS@LA","CLS","LA","","","",""
"16721-8598","W","Chris","Kunitz","6.400000254313151","6","4700","FLA@PIT","PIT","FLA","","","",""
"16721-8611","D","Alex","Goligoski","10.759999847412109","5","4700","ARI@NJ","ARI","NJ","","","",""
"16721-8811","W","Jannik","Hansen","7.066666920979817","6","4600","OTT@VAN","VAN","OTT","","","",""
"16721-9006","W","Tyler","Ennis","5.599999904632568","4","4600","BUF@PHI","BUF","PHI","","","",""
"16721-8362","W","Ales","Hemsky","1.600000023841858","1","4600","WPG@DAL","DAL","WPG","IR","Groin","",""
"16721-68640","D","Zach","Werenski","19.575000762939453","4","4600","CLS@LA","CLS","LA","","","",""
"16721-8515","C","Brandon","Dubinsky","5.599999904632568","4","4600","CLS@LA","CLS","LA","","","",""
"16721-43120","W","Anthony","Duclair","2.2399999618530275","5","4600","ARI@NJ","ARI","NJ","","","",""
"16721-8683","W","Lee","Stempniak","16.1","5","4600","CAR@DET","CAR","DET","","","",""
"16721-8583","W","Radim","Vrbata","15.839999389648437","5","4600","ARI@NJ","ARI","NJ","","","",""
"16721-12812","D","Jared","Spurgeon","9.399999618530273","4","4500","MIN@BOS","MIN","BOS","DTD","Upper body","",""
"16721-8967","D","Alec","Martinez","14.019999694824218","5","4500","CLS@LA","LA","CLS","","","",""
"16721-58883","W","Robby","Fabbri","7.816666920979817","6","4500","CGY@STL","STL","CGY","","","",""
"16721-9305","C","Mathieu","Perreault","7.840000152587891","5","4500","WPG@DAL","WPG","DAL","","","",""
"16721-8237","C","Brandon","Sutter","13.016666412353516","6","4500","OTT@VAN","VAN","OTT","","","",""
"16721-8442","W","Brian","Gionta","11.199999809265137","4","4500","BUF@PHI","BUF","PHI","","","",""
"16721-39464","D","Hampus","Lindholm","8.698750305175782","80","4500","ANH@SJ","ANH","SJ","","","",""
"16721-12728","W","Nino","Niederreiter","7.599999745686849","6","4500","MIN@BOS","MIN","BOS","","","",""
"16721-8340","C","Darren","Helm","12.699999491373697","6","4500","CAR@DET","DET","CAR","","","",""
"16721-8538","W","Milan","Michalek","8.8","5","4500","TB@TOR","TOR","TB","","","",""
"16721-23225","D","Matt","Dumba","9.283333460489908","6","4500","MIN@BOS","MIN","BOS","","","",""
"16721-12460","D","Cam","Fowler","14.25","6","4500","ANH@SJ","ANH","SJ","","","",""
"16721-13932","W","Matt","Read","18.18000030517578","5","4400","BUF@PHI","PHI","BUF","","","",""
"16721-66683","W","Mitchell","Marner","12.960000610351562","5","4400","TB@TOR","TOR","TB","","","",""
"16721-9325","W","Patrick","Eaves","7.324999809265137","4","4400","WPG@DAL","DAL","WPG","DTD","Lower body","",""
"16721-8341","W","Justin","Abdelkader","5.05999984741211","5","4400","CAR@DET","DET","CAR","","","",""
"16721-8628","D","Marc-Edouard","Vlasic","5.416666666666667","6","4400","ANH@SJ","SJ","ANH","","","",""
"16721-9058","W","Matt","Beleskey","2.2399999618530275","5","4300","MIN@BOS","BOS","MIN","","","",""
"16721-8972","C","Tyler","Bozak","8.15999984741211","5","4300","TB@TOR","TOR","TB","","","",""
"16721-8327","D","Trevor","Daley","8.483333587646484","6","4300","FLA@PIT","PIT","FLA","","","",""
"16721-8336","C","Valtteri","Filppula","12.319999694824219","5","4300","TB@TOR","TB","TOR","","","",""
"16721-23229","W","Nail","Yakupov","9.333333333333334","6","4300","CGY@STL","STL","CGY","","","",""
"16721-8992","W","Colton","Sceviour","10","5","4200","FLA@PIT","FLA","PIT","","","",""
"16721-11158","D","T.J.","Brodie","5.683333079020183","6","4200","CGY@STL","CGY","STL","","","",""
"16721-39245","D","Jacob","Trouba","8.567901234567902","81","4200","WPG@DAL","WPG","DAL","","","",""
"16721-8295","C","Antoine","Vermette","4.799999872843425","6","4200","ANH@SJ","ANH","SJ","","","",""
"16721-12611","D","Alex","Petrovic","5.1200000762939455","5","4200","FLA@PIT","FLA","PIT","","","",""
"16721-8228","D","Dion","Phaneuf","8.95999984741211","5","4200","OTT@VAN","OTT","VAN","","","",""
"16721-58877","W","Conor","Sheary","10.199999809265137","4","4200","FLA@PIT","PIT","FLA","DTD","Eye","",""
"16721-8236","C","Matt","Cullen","10.883333841959635","6","4200","FLA@PIT","PIT","FLA","","","",""
"16721-8397","C","Brad","Richardson","12.640000152587891","5","4200","ARI@NJ","ARI","NJ","","","",""
"16721-8400","W","Teddy","Purcell","0","2","4200","CLS@LA","LA","CLS","","","",""
"16721-42478","C","Bo","Horvat","8.466666539510092","6","4200","OTT@VAN","VAN","OTT","","","",""
"16721-12494","W","Jiri","Hudler","0","2","4200","WPG@DAL","DAL","WPG","IR","Illness","",""
"16721-37881","D","Morgan","Rielly","10.240000152587891","5","4200","TB@TOR","TOR","TB","","","",""
"16721-64101","D","Noah","Hanifin","10.219999694824219","5","4100","CAR@DET","CAR","DET","","","",""
"16721-8956","D","Michael","Stone","4.800000190734863","2","4100","ARI@NJ","ARI","NJ","","","",""
"16721-12952","D","Jake","Gardiner","10.240000152587891","5","4100","TB@TOR","TOR","TB","","","",""
"16721-8211","D","Tyler","Myers","8.480000305175782","5","4100","WPG@DAL","WPG","DAL","","","",""
"16721-8348","D","Niklas","Kronwall","7.229687690734863","64","4100","CAR@DET","DET","CAR","IR","Knee","",""
"16721-8475","C","Travis","Zajac","8.9","5","4100","ARI@NJ","NJ","ARI","","","",""
"16721-12299","D","David","Savard","8.399999618530273","4","4100","CLS@LA","CLS","LA","","","",""
"16721-8636","C","Patrik","Berglund","8.40000025431315","6","4100","CGY@STL","STL","CGY","","","",""
"16721-8620","W","Jamie","McGinn","8.319047473725819","84","4100","ARI@NJ","ARI","NJ","IR","Upper body","",""
"16721-15333","W","Antoine","Roussel","9.11999969482422","5","4000","WPG@DAL","DAL","WPG","","","",""
"16721-39146","W","Tobias","Rieder","7.2","5","4000","ARI@NJ","ARI","NJ","","","",""
"16721-40039","W","Michael","Raffl","6.666666666666667","3","4000","BUF@PHI","PHI","BUF","O","Abdomen","",""
"16721-8877","D","Jason","Garrison","7.680000305175781","5","4000","TB@TOR","TB","TOR","","","",""
"16721-66511","D","Ivan","Provorov","8.640000152587891","5","4000","BUF@PHI","PHI","BUF","","","",""
"16721-12667","C","Ryan","Spooner","9.524999618530273","4","4000","MIN@BOS","BOS","MIN","","","",""
"16721-8284","W","Chris","Stewart","5.816666920979817","6","4000","MIN@BOS","MIN","BOS","","","",""
"16721-8357","W","Andrew","Cogliano","10.066666920979818","6","4000","ANH@SJ","ANH","SJ","","","",""
"16721-41390","C","Elias","Lindholm","7.1400001525878904","5","4000","CAR@DET","CAR","DET","","","",""
"16721-8531","D","Michael","Del Zotto","8.53269254244291","52","4000","BUF@PHI","PHI","BUF","IR","Lower body","",""
"16721-8506","D","Mark","Streit","8.480000305175782","5","4000","BUF@PHI","PHI","BUF","","","",""
"16721-8584","W","Mikkel","Boedker","3.6000000635782876","6","4000","ANH@SJ","SJ","ANH","","","",""
"16721-58332","W","Sam","Bennett","4.799999872843425","6","3900","CGY@STL","CGY","STL","","","",""
"16721-8791","W","Matt","Moulson","11.050000190734863","4","3900","BUF@PHI","BUF","PHI","","","",""
"16721-54482","D","Stephen","Johns","8.480000305175782","5","3900","WPG@DAL","DAL","WPG","","","",""
"16721-8918","D","Anton","Stralman","5.220000076293945","5","3900","TB@TOR","TB","TOR","","","",""
"16721-39990","C","William","Karlsson","8.600000381469727","4","3900","CLS@LA","CLS","LA","","","",""
"16721-21686","W","Jason","Zucker","5.333333333333333","6","3900","MIN@BOS","MIN","BOS","","","",""
"16721-66508","C","Travis","Konecny","12.15999984741211","5","3900","BUF@PHI","PHI","BUF","","","",""
"16721-12645","W","Devante","Smith-Pelly","3.5200000762939454","5","3900","ARI@NJ","NJ","ARI","","","",""
"16721-8203","W","Drew","Stafford","3.5200000762939454","5","3900","WPG@DAL","WPG","DAL","","","",""
"16721-11284","C","Cody","Eakin","7.809756395293445","82","3900","WPG@DAL","DAL","WPG","IR","Knee","",""
"16721-8410","D","Jack","Johnson","4.800000190734863","4","3900","CLS@LA","CLS","LA","","","",""
"16721-23054","W","Leo","Komarov","8.1","5","3900","TB@TOR","TOR","TB","","","",""
"16721-43152","D","Damon","Severson","7.240000152587891","5","3900","ARI@NJ","NJ","ARI","","","",""
"16721-8468","D","Dan","Hamhuis","7.3599998474121096","5","3900","WPG@DAL","DAL","WPG","","","",""
"16721-8490","D","Andy","Greene","6.719999694824219","5","3900","ARI@NJ","NJ","ARI","","","",""
"16721-15380","D","Jordie","Benn","10.666666666666666","3","3900","WPG@DAL","DAL","WPG","","","",""
"16721-23286","D","Ryan","Murray","4.800000190734863","2","3900","CLS@LA","CLS","LA","DTD","Upper body","",""
"16721-39145","D","Danny","DeKeyser","7.066666920979817","6","3800","CAR@DET","DET","CAR","","","",""
"16721-8711","D","Kevin","Bieksa","5.866666793823242","6","3800","ANH@SJ","ANH","SJ","","","",""
"16721-8860","D","John","Moore","5.44000015258789","5","3800","ARI@NJ","NJ","ARI","","","",""
"16721-11150","W","Marcus","Foligno","9.800000190734863","4","3800","BUF@PHI","BUF","PHI","","","",""
"16721-62277","D","Michael","Matheson","11.84000015258789","5","3800","FLA@PIT","FLA","PIT","","","",""
"16721-9270","D","Jason","Demers","4.479999923706055","5","3800","FLA@PIT","FLA","PIT","","","",""
"16721-8402","W","Dustin","Brown","10.680000305175781","5","3800","CLS@LA","LA","CLS","","","",""
"16721-8356","C","Sam","Gagner","1.6000000635782878","3","3800","CLS@LA","CLS","LA","","","",""
"16721-8459","W","Joel","Ward","6.266666412353516","6","3800","ANH@SJ","SJ","ANH","","","",""
"16721-14478","W","Andrej","Nestrasil","4","2","3800","CAR@DET","CAR","DET","","","",""
"16721-8487","D","Johnny","Oduya","7.680000305175781","5","3800","WPG@DAL","DAL","WPG","","","",""
"16721-14462","C","Johan","Larsson","6.400000095367432","4","3800","BUF@PHI","BUF","PHI","","","",""
"16721-37883","D","Cody","Ceci","8.4","5","3800","OTT@VAN","OTT","VAN","","","",""
"16721-61245","C","Devin","Shore","11.04000015258789","5","3700","WPG@DAL","DAL","WPG","","","",""
"16721-8746","W","Matt","Calvert","6.199999809265137","4","3700","CLS@LA","CLS","LA","","","",""
"16721-42844","D","Connor","Carrick","7.2","5","3700","TB@TOR","TOR","TB","","","",""
"16721-14184","D","Martin","Marincin","9.066666920979818","3","3700","TB@TOR","TOR","TB","","","",""
"16721-73946","W","Sebastian","Aho","10.859999847412109","5","3700","CAR@DET","CAR","DET","","","",""
"16721-8903","D","Marco","Scandella","3.5200000762939454","5","3700","MIN@BOS","MIN","BOS","","","",""
"16721-8878","D","Dmitry","Kulikov","0.5333333412806193","3","3700","BUF@PHI","BUF","PHI","","","",""
"16721-8850","D","Deryk","Engelland","6.666666666666667","6","3700","CGY@STL","CGY","STL","","","",""
"16721-53527","W","Marko","Dano","6.202940996955423","34","3700","WPG@DAL","WPG","DAL","","","",""
"16721-8260","W","Kris","Versteeg","8.266666412353516","6","3700","CGY@STL","CGY","STL","","","",""
"16721-8288","D","John-Michael","Liles","8.1","5","3700","MIN@BOS","BOS","MIN","","","",""
"16721-23438","D","Jonas","Brodin","9.733333587646484","6","3700","MIN@BOS","MIN","BOS","","","",""
"16721-8350","D","Jonathan","Ericsson","6.133333206176758","6","3700","CAR@DET","DET","CAR","","","",""
"16721-8517","C","Brian","Boyle","6.240000152587891","5","3700","TB@TOR","TB","TOR","","","",""
"16721-59413","W","Jake","Virtanen","4","4","3700","OTT@VAN","VAN","OTT","","","",""
"16721-43139","W","Andreas","Athanasiou","5.400000095367432","4","3700","CAR@DET","DET","CAR","","","",""
"16721-12289","C","Jori","Lehtera","3.2000001271565757","3","3700","CGY@STL","STL","CGY","IR","Upper body","",""
"16721-43178","W","Teuvo","Teravainen","8.519999694824218","5","3700","CAR@DET","CAR","DET","","","",""
"16721-15398","D","Brandon","Manning","10.4","5","3700","BUF@PHI","PHI","BUF","","","",""
"16721-43133","C","Luke","Glendening","8.883333206176758","6","3700","CAR@DET","DET","CAR","","","",""
"16721-43134","W","Anthony","Mantha","6.659999847412109","10","3700","CAR@DET","DET","CAR","","","",""
"16721-23228","D","Justin","Schultz","5.950000127156575","6","3700","FLA@PIT","PIT","FLA","","","",""
"16721-23928","C","Radek","Faksa","6.880000305175781","5","3600","WPG@DAL","DAL","WPG","","","",""
"16721-15313","W","Vladislav","Namestnikov","6.759999847412109","5","3600","TB@TOR","TB","TOR","","","",""
"16721-10924","W","Adam","Cracknell","11.2","5","3600","WPG@DAL","DAL","WPG","","","",""
"16721-42862","D","Olli","Maatta","5.333333333333333","6","3600","FLA@PIT","PIT","FLA","","","",""
"16721-8990","D","Philip","Larsen","7.900000254313151","6","3600","OTT@VAN","VAN","OTT","","","",""
"16721-12089","W","Colin","Greening","8.316128638482862","31","3600","TB@TOR","TOR","TB","","","",""
"16721-58977","W","Sonny","Milano","4.799999872843425","3","3600","CLS@LA","CLS","LA","","","",""
"16721-66680","D","Jaccob","Slavin","8","5","3600","CAR@DET","CAR","DET","","","",""
"16721-8168","D","Toby","Enstrom","7.1400001525878904","5","3600","WPG@DAL","WPG","DAL","","","",""
"16721-12609","W","Zach","Hyman","7.040000152587891","5","3600","TB@TOR","TOR","TB","","","",""
"16721-8226","D","Jay","Bouwmeester","5.866666793823242","6","3600","CGY@STL","STL","CGY","","","",""
"16721-58879","W","Scott","Wilson","7.200000127156575","6","3600","FLA@PIT","PIT","FLA","","","",""
"16721-9317","D","Jamie","McBain","3.7333332697550454","3","3600","ARI@NJ","ARI","NJ","","","",""
"16721-12793","D","Brayden","McNabb","7.3599998474121096","5","3600","CLS@LA","LA","CLS","","","",""
"16721-54867","W","Melker","Karlsson","5.200000127156575","6","3600","ANH@SJ","SJ","ANH","","","",""
"16721-70125","W","Kyle","Connor","4.579999923706055","5","3600","WPG@DAL","WPG","DAL","","","",""
"16721-61860","D","Ben","Hutton","6.533333460489909","6","3600","OTT@VAN","VAN","OTT","","","",""
"16721-8486","D","Paul","Martin","5.333333333333333","6","3600","ANH@SJ","SJ","ANH","","","",""
"16721-62783","W","Joonas","Donskoi","4.533333460489909","6","3600","ANH@SJ","SJ","ANH","","","",""
"16721-70904","W","Matthew","Tkachuk","5.920000076293945","5","3600","CGY@STL","CGY","STL","","","",""
"16721-8650","D","Roman","Polak","15.600000381469727","2","3600","TB@TOR","TOR","TB","","","",""
"16721-54503","W","Ryan","Dzingel","11.919999694824218","5","3500","OTT@VAN","OTT","VAN","","","",""
"16721-15246","D","Ryan","Murphy","5.454285539899554","35","3500","CAR@DET","CAR","DET","IR","Lower body","",""
"16721-15255","W","Josh","Leivo","8.108333587646484","12","3500","TB@TOR","TOR","TB","DTD","Lower body","",""
"16721-21935","D","Connor","Murphy","9.280000305175781","5","3500","ARI@NJ","ARI","NJ","","","",""
"16721-8708","D","Christian","Ehrhoff","5.939583460489909","48","3500","MIN@BOS","BOS","MIN","","","",""
"16721-15270","W","Sven","Baertschi","3.7333332697550454","6","3500","OTT@VAN","VAN","OTT","","","",""
"16721-42924","D","Colin","Miller","4.8","5","3500","MIN@BOS","BOS","MIN","","","",""
"16721-8879","W","Shawn","Matthias","5.920000076293945","5","3500","WPG@DAL","WPG","DAL","","","",""
"16721-42981","D","Josh","Morrissey","6.079999923706055","5","3500","WPG@DAL","WPG","DAL","","","",""
"16721-11254","D","Ian","Cole","6.266666412353516","6","3500","FLA@PIT","PIT","FLA","","","",""
"16721-59120","C","Christian","Dvorak","6.925000190734863","4","3500","ARI@NJ","ARI","NJ","","","",""
"16721-8965","W","Dwight","King","4.159999847412109","5","3500","CLS@LA","LA","CLS","","","",""
"16721-21651","D","Ryan","Sproul","14.649999618530273","2","3500","CAR@DET","DET","CAR","","","",""
"16721-42629","W","Joseph","Blandisi","6.063414783012576","41","3500","ARI@NJ","NJ","ARI","","","",""
"16721-9145","D","Ben","Lovejoy","5.44000015258789","5","3500","ARI@NJ","NJ","ARI","","","",""
"16721-70375","D","Nikita","Zaitsev","8.519999694824218","5","3500","TB@TOR","TOR","TB","","","",""
"16721-8311","D","Marc","Methot","6.079999923706055","5","3500","OTT@VAN","OTT","VAN","","","",""
"16721-70914","D","Jakob","Chychrun","10.600000381469727","4","3500","ARI@NJ","ARI","NJ","","","",""
"16721-66606","D","Brandon","Carlo","10.080000305175782","5","3500","MIN@BOS","BOS","MIN","","","",""
"16721-8408","D","Rob","Scuderi","4.095238095238095","63","3500","CLS@LA","LA","CLS","","","",""
"16721-8430","D","Nick","Schultz","9.6","5","3500","BUF@PHI","PHI","BUF","","","",""
"16721-23051","W","Joakim","Nordstrom","7.3599998474121096","5","3500","CAR@DET","CAR","DET","","","",""
"16721-8545","W","Chris","Neil","6.240000152587891","5","3500","OTT@VAN","OTT","VAN","","","",""
"16721-8451","D","Josh","Gorges","4.800000190734863","4","3500","BUF@PHI","BUF","PHI","","","",""
"16721-12291","D","Christopher","Tanev","6.133333206176758","6","3500","OTT@VAN","VAN","OTT","DTD","Undisclosed","",""
"16721-43093","D","Shea","Theodore","3.200000047683716","1","3500","ANH@SJ","ANH","SJ","","","",""
"16721-15395","W","Brett","Ritchie","6.880000305175781","5","3500","WPG@DAL","DAL","WPG","","","",""
"16721-65970","C","Pavel","Zacha","5.1200000762939455","5","3500","ARI@NJ","NJ","ARI","","","",""
"16721-8675","C","Matt","Stajan","7.200000127156575","6","3500","CGY@STL","CGY","STL","","","",""
"16721-8587","D","Zbynek","Michalek","5.302857317243304","70","3500","ARI@NJ","ARI","NJ","","","",""
"16721-43008","W","Jordan","Martinook","12.55999984741211","5","3500","ARI@NJ","ARI","NJ","","","",""
"16721-15307","C","Nick","Cousins","6","4","3400","BUF@PHI","PHI","BUF","","","",""
"16721-42784","D","Jyrki","Jokipakka","7.519999694824219","5","3400","CGY@STL","CGY","STL","","","",""
"16721-42772","W","Josh","Anderson","9.199999809265137","4","3400","CLS@LA","CLS","LA","","","",""
"16721-54477","W","Bryan","Rust","2.6666666666666665","3","3400","FLA@PIT","PIT","FLA","","","",""
"16721-15340","D","Joel","Edmundson","4.266666730244954","6","3400","CGY@STL","STL","CGY","","","",""
"16721-21921","C","Riley","Sheahan","4.799999872843425","6","3400","CAR@DET","DET","CAR","","","",""
"16721-14149","W","Jimmy","Hayes","3.2","5","3400","MIN@BOS","BOS","MIN","","","",""
"16721-40030","D","Alexey","Marchenko","5.866666793823242","6","3400","CAR@DET","DET","CAR","","","",""
"16721-42977","W","Nic","Petan","3.957692366379958","26","3400","WPG@DAL","WPG","DAL","","","",""
"16721-9061","C","Peter","Holland","4.8","5","3400","TB@TOR","TOR","TB","","","",""
"16721-59117","W","Nick","Ritchie","7.866666793823242","6","3400","ANH@SJ","ANH","SJ","","","",""
"16721-12259","D","Brendan","Smith","4.799999872843425","6","3400","CAR@DET","DET","CAR","","","",""
"16721-21690","D","Chris","Wideman","7.040000152587891","5","3400","OTT@VAN","OTT","VAN","","","",""
"16721-21650","D","Xavier","Ouellet","5.199999809265137","4","3400","CAR@DET","DET","CAR","","","",""
"16721-39271","W","Seth","Griffith","2.924999952316284","4","3400","TB@TOR","TOR","TB","","","",""
"16721-9275","W","Kyle","Clifford","2.4000000953674316","4","3400","CLS@LA","LA","CLS","","","",""
"16721-9390","C","Dominic","Moore","8.319999694824219","5","3400","MIN@BOS","BOS","MIN","","","",""
"16721-14452","C","Ethan","Werek","0","0","3400","TB@TOR","TOR","TB","","","",""
"16721-8700","W","Mason","Raymond","1.2000000476837158","4","3400","ANH@SJ","ANH","SJ","","","",""
"16721-42773","W","Oliver","Bjorkstrand","1.6000000635782878","3","3300","CLS@LA","CLS","LA","","","",""
"16721-54481","D","Jake","McCabe","3.5999999046325684","4","3300","BUF@PHI","BUF","PHI","","","",""
"16721-8742","W","Viktor","Stalberg","5.400000095367432","4","3300","CAR@DET","CAR","DET","","","",""
"16721-21936","D","Dylan","DeMelo","3.6711110432942706","45","3300","ANH@SJ","SJ","ANH","","","",""
"16721-8764","D","Carl","Gunnarsson","3.7333332697550454","3","3300","CGY@STL","STL","CGY","","","",""
"16721-15272","W","Micheal","Ferland","6.933333079020183","6","3300","CGY@STL","CGY","STL","","","",""
"16721-70565","D","Jacob","Larsson","1.2000000476837158","4","3300","ANH@SJ","ANH","SJ","","","",""
"16721-8841","D","Adam","McQuaid","5.212500095367432","64","3300","MIN@BOS","BOS","MIN","IR","Upper body","",""
"16721-11232","W","Shane","Harper","6.719999694824219","5","3300","FLA@PIT","FLA","PIT","","","",""
"16721-9043","D","Jakub","Kindl","4.811363567005504","44","3300","FLA@PIT","FLA","PIT","","","",""
"16721-39395","W","Logan","Shaw","4.220754659400796","53","3300","FLA@PIT","FLA","PIT","","","",""
"16721-58926","W","Brayden","Point","7.680000305175781","5","3300","TB@TOR","TB","TOR","","","",""
"16721-58928","D","Anthony","DeAngelo","0","0","3300","ARI@NJ","ARI","NJ","","","",""
"16721-9109","W","Ryan","White","2.4000000953674316","4","3300","ARI@NJ","ARI","NJ","","","",""
"16721-11410","D","Justin","Braun","4.266666730244954","6","3300","ANH@SJ","SJ","ANH","","","",""
"16721-12646","W","Alex","Burmistrov","2.4000000953674316","4","3300","WPG@DAL","WPG","DAL","","","",""
"16721-9250","D","Nathan","Paetsch","0","0","3300","CAR@DET","DET","CAR","","","",""
"16721-12613","D","Radko","Gudas","8.200000160618833","76","3300","BUF@PHI","PHI","BUF","","","",""
"16721-8305","W","Derek","Dorsett","4.159999847412109","5","3300","OTT@VAN","VAN","OTT","IR","Shoulder","",""
"16721-58878","C","Oskar","Sundqvist","3.7111112806532116","18","3300","FLA@PIT","PIT","FLA","","","",""
"16721-39676","W","Cedric","Paquette","6.240000152587891","5","3300","TB@TOR","TB","TOR","","","",""
"16721-8536","C","Chris","Kelly","7.840000152587891","5","3300","OTT@VAN","OTT","VAN","","","",""
"16721-43167","D","Mirco","Mueller","1.6000000346790662","11","3300","ANH@SJ","SJ","ANH","","","",""
"16721-13406","D","Brenden","Dillon","3.7333332697550454","6","3300","ANH@SJ","SJ","ANH","","","",""
"16721-43175","W","Hunter","Shinkaruk","7.125","8","3300","CGY@STL","CGY","STL","","","",""
"16721-8664","W","Drew","Miller","7.733333587646484","6","3300","CAR@DET","DET","CAR","","","",""
"16721-62782","D","Jakub","Nakladal","6.400000095367432","1","3300","CAR@DET","CAR","DET","","","",""
"16721-15401","D","Kevan","Miller","6.440844898492518","71","3300","MIN@BOS","BOS","MIN","IR","Hand","",""
"16721-12447","D","Erik","Gudbranson","4.266666730244954","6","3300","OTT@VAN","VAN","OTT","","","",""
"16721-15298","W","Tyler","Graovac","1.600000023841858","2","3200","MIN@BOS","MIN","BOS","","","",""
"16721-62157","C","Andrew","Copp","3.210389570756392","77","3200","WPG@DAL","WPG","DAL","","","",""
"16721-62195","D","Brett","Pesce","6.079999923706055","5","3200","CAR@DET","CAR","DET","","","",""
"16721-15259","D","Frank","Corrado","4.751282129532251","39","3200","TB@TOR","TOR","TB","","","",""
"16721-53465","W","Hudson","Fasching","0.800000011920929","2","3200","BUF@PHI","BUF","PHI","","","",""
"16721-62019","W","Nikita","Soshnikov","10.081818320534445","11","3200","TB@TOR","TOR","TB","","","",""
"16721-70588","D","Yohann","Auvitu","6.719999694824219","5","3200","ARI@NJ","NJ","ARI","","","",""
"16721-8895","D","Justin","Falk","4.933333396911621","24","3200","BUF@PHI","BUF","PHI","","","",""
"16721-8849","D","Simon","Despres","3.200000047683716","1","3200","ANH@SJ","ANH","SJ","IR","Head","",""
"16721-12869","D","Stu","Bickel","0","0","3200","ANH@SJ","ANH","SJ","","","",""
"16721-9066","D","Luca","Sbisa","4.533333460489909","6","3200","OTT@VAN","VAN","OTT","","","",""
"16721-39356","C","Markus","Granlund","8","6","3200","OTT@VAN","VAN","OTT","","","",""
"16721-11225","W","Dale","Weise","0.4000000059604645","4","3200","BUF@PHI","PHI","BUF","O","Suspension","",""
"16721-9009","D","Michael","Kostka","3.626666768391927","15","3200","OTT@VAN","OTT","VAN","","","",""
"16721-13913","W","Tom","Kuhnhackl","1.8666666348775227","6","3200","FLA@PIT","PIT","FLA","","","",""
"16721-12280","W","Magnus","Paajarvi","6.133333206176758","3","3200","CGY@STL","STL","CGY","","","",""
"16721-11162","W","Zac","Dalpe","6.799999872843425","6","3200","MIN@BOS","MIN","BOS","","","",""
"16721-54575","D","Esa","Lindell","3.200000047683716","2","3200","WPG@DAL","DAL","WPG","","","",""
"16721-8189","D","Mark","Stuart","4.800000190734863","1","3200","WPG@DAL","WPG","DAL","","","",""
"16721-8191","D","Matt","Hunwick","4.479999923706055","5","3200","TB@TOR","TOR","TB","","","",""
"16721-8409","D","Matt","Greene","1.600000023841858","2","3200","CLS@LA","LA","CLS","","","",""
"16721-11296","C","Mark","Olver","0","0","3200","ARI@NJ","ARI","NJ","","","",""
"16721-70117","D","Steven","Santini","4.800000190734863","1","3200","ARI@NJ","NJ","ARI","","","",""
"16721-9422","D","Marc-Andre","Bergeron","0","0","3200","CLS@LA","CLS","LA","","","",""
"16721-12719","W","Chris","VandeVelde","3.8400001525878906","5","3200","BUF@PHI","PHI","BUF","","","",""
"16721-68649","D","Rob","O'Gara","4.799999872843425","3","3200","MIN@BOS","BOS","MIN","","","",""
"16721-8703","W","Alexandre","Burrows","0.9600000381469727","5","3200","OTT@VAN","VAN","OTT","IR","Neck","",""
"16721-23222","C","Zemgus","Girgensons","5.800000190734863","4","3200","BUF@PHI","BUF","PHI","","","",""
"16721-15369","W","Reid","Boucher","2.4000000953674316","2","3200","ARI@NJ","NJ","ARI","","","",""
"16721-65969","C","Dylan","Strome","4.799999872843425","3","3200","ARI@NJ","ARI","NJ","","","",""
"16721-43022","W","Connor","Brown","5.279999923706055","5","3200","TB@TOR","TOR","TB","","","",""
"16721-12438","C","Riley","Nash","2.5600000381469727","5","3200","MIN@BOS","BOS","MIN","","","",""
"16721-8827","D","Andrew","MacDonald","4.479999923706055","5","3100","BUF@PHI","PHI","BUF","","","",""
"16721-15346","C","Adam","Lowry","3.2","5","3100","WPG@DAL","WPG","DAL","","","",""
"16721-8758","W","Mike","Blunden","3.959999847412109","20","3100","OTT@VAN","OTT","VAN","","","",""
"16721-22905","D","Fredrik","Claesson","5.5","16","3100","OTT@VAN","OTT","VAN","","","",""
"16721-42863","D","Derrick","Pouliot","3.200000047683716","1","3100","FLA@PIT","PIT","FLA","IR","Undisclosed","",""
"16721-42860","W","Curtis","Lazar","5.171052631578948","76","3100","OTT@VAN","OTT","VAN","","","",""
"16721-8719","C","Brooks","Laich","4.172839506172839","81","3100","TB@TOR","TOR","TB","","","",""
"16721-8717","C","Boyd","Gordon","4","5","3100","BUF@PHI","PHI","BUF","","","",""
"16721-21895","W","Chris","Wagner","4.133333206176758","6","3100","ANH@SJ","ANH","SJ","","","",""
"16721-15289","W","Matt","Puempel","1.600000023841858","1","3100","OTT@VAN","OTT","VAN","","","",""
"16721-38947","D","Andrej","Sustr","2.5600000381469727","5","3100","TB@TOR","TB","TOR","","","",""
"16721-14217","D","Patrik","Nemeth","3.2000001271565757","3","3100","WPG@DAL","DAL","WPG","","","",""
"16721-73981","C","Denis","Malgin","5.1200000762939455","5","3100","FLA@PIT","FLA","PIT","","","",""
"16721-59220","D","Haydn","Fleury","0","0","3100","CAR@DET","CAR","DET","","","",""
"16721-42962","D","Brett","Kulak","5.866666793823242","3","3100","CGY@STL","CGY","STL","","","",""
"16721-9074","D","David","Schlemko","5.066666603088379","6","3100","ANH@SJ","SJ","ANH","","","",""
"16721-9073","W","Lauri","Korpikoski","6.240000152587891","5","3100","WPG@DAL","DAL","WPG","","","",""
"16721-21735","D","Matt","Tennyson","3.5899998982747396","30","3100","CAR@DET","CAR","DET","","","",""
"16721-21755","W","Alex","Chiasson","4.666666666666667","6","3100","CGY@STL","CGY","STL","","","",""
"16721-41591","D","Jon","Merrill","3.80638284886137","47","3100","ARI@NJ","NJ","ARI","IR","Finger","",""
"16721-39311","C","Nick","Shore","2.5600000381469727","5","3100","CLS@LA","LA","CLS","","","",""
"16721-21710","W","J.T.","Brown","2.2399999618530275","5","3100","TB@TOR","TB","TOR","","","",""
"16721-12266","D","Korbinian","Holzer","4.800000190734863","2","3100","ANH@SJ","ANH","SJ","","","",""
"16721-21649","D","Zach","Trotman","6.273684049907484","38","3100","CLS@LA","LA","CLS","","","",""
"16721-12249","D","Alex","Biega","1.600000023841858","1","3100","OTT@VAN","VAN","OTT","","","",""
"16721-11119","D","Nate","Prosser","3.200000047683716","2","3100","MIN@BOS","MIN","BOS","","","",""
"16721-62276","C","Austin","Czarnik","1.600000023841858","2","3100","MIN@BOS","BOS","MIN","","","",""
"16721-58890","W","Nikolay","Goldobin","3.644444359673394","9","3100","ANH@SJ","SJ","ANH","","","",""
"16721-9158","D","Clayton","Stoner","5.599999904632568","4","3100","ANH@SJ","ANH","SJ","","","",""
"16721-39264","D","Derek","Forbort","3.8400001525878906","5","3100","CLS@LA","LA","CLS","","","",""
"16721-39235","C","Chris","Tierney","4","6","3100","ANH@SJ","SJ","ANH","","","",""
"16721-39234","W","Matt","Nieto","3.2","5","3100","ANH@SJ","SJ","ANH","","","",""
"16721-12120","D","Matt","Bartkowski","4.6400001525878904","80","3100","OTT@VAN","OTT","VAN","","","",""
"16721-62254","W","Kyle","Rau","1.600000023841858","1","3100","FLA@PIT","FLA","PIT","","","",""
"16721-39248","W","Dmitrij","Jaskin","4","4","3100","CGY@STL","STL","CGY","DTD","Back","",""
"16721-12643","W","Emerson","Etem","0","2","3100","ANH@SJ","ANH","SJ","","","",""
"16721-8167","D","Ron","Hainsey","0.9600000381469727","5","3100","CAR@DET","CAR","DET","","","",""
"16721-66656","D","Mike","Reilly","1.600000023841858","2","3100","MIN@BOS","MIN","BOS","","","",""
"16721-39643","D","Nikita","Nesterov","3.2","5","3100","TB@TOR","TB","TOR","","","",""
"16721-12601","D","Dalton","Prout","1.600000023841858","2","3100","CLS@LA","CLS","LA","","","",""
"16721-8210","D","Chris","Butler","3.8400001525878906","5","3100","CGY@STL","STL","CGY","","","",""
"16721-9299","W","Jack","Skille","3.2000001271565757","3","3100","OTT@VAN","VAN","OTT","","","",""
"16721-54951","C","Pierre-Edouard","Bellemare","5.1200000762939455","5","3100","BUF@PHI","PHI","BUF","","","",""
"16721-11277","W","Jordan","Schroeder","4.184615501990685","26","3100","MIN@BOS","MIN","BOS","","","",""
"16721-8417","C","Kyle","Brodziak","1.9200000762939453","5","3100","CGY@STL","STL","CGY","","","",""
"16721-9393","W","Eric","Fehr","3.4666665395100913","6","3100","FLA@PIT","PIT","FLA","","","",""
"16721-68608","D","Nikita","Tryamkin","5.723077040452224","13","3100","OTT@VAN","VAN","OTT","","","",""
"16721-12710","W","Lance","Bouma","3.4666665395100913","6","3100","CGY@STL","CGY","STL","","","",""
"16721-12672","W","Greg","McKegg","4.159999847412109","5","3100","FLA@PIT","FLA","PIT","","","",""
"16721-54193","W","Phillip","Di Giuseppe","4.799999872843425","3","3100","CAR@DET","CAR","DET","","","",""
"16721-8567","D","Braydon","Coburn","2.8799999237060545","5","3100","TB@TOR","TB","TOR","","","",""
"16721-54194","D","Josh","Manson","4","6","3100","ANH@SJ","ANH","SJ","","","",""
"16721-62858","D","Dean","Kukan","2.5999999046325684","8","3100","CLS@LA","CLS","LA","","","",""
"16721-8470","D","Cody","Franson","4","4","3100","BUF@PHI","BUF","PHI","","","",""
"16721-14461","C","Linden","Vey","5.290243753572789","41","3100","CGY@STL","CGY","STL","","","",""
"16721-43090","W","Nick","Sorensen","4.8","5","3100","ANH@SJ","ANH","SJ","","","",""
"16721-8688","D","Luke","Schenn","2.8799999237060545","5","3100","ARI@NJ","ARI","NJ","","","",""
"16721-15381","W","Ryan","Garbutt","4.133333206176758","6","3100","ANH@SJ","ANH","SJ","","","",""
"16721-15365","C","Andy","Andreoff","1.9200000762939453","5","3100","CLS@LA","LA","CLS","","","",""
"16721-8579","W","Scottie","Upshall","6","6","3100","CGY@STL","STL","CGY","","","",""
"16721-54502","W","Nic","Kerdiles","0","0","3000","ANH@SJ","ANH","SJ","DTD","Concussion","",""
"16721-70416","D","Markus","Nutivaara","0.4000000059604645","4","3000","CLS@LA","CLS","LA","","","",""
"16721-8829","C","Nate","Thompson","3.942857080576371","49","3000","ANH@SJ","ANH","SJ","IR","Achilles","",""
"16721-54475","D","Christian","Folin","1.9200000762939453","5","3000","MIN@BOS","MIN","BOS","","","",""
"16721-54478","C","Nic","Dowd","9.5","3","3000","CLS@LA","LA","CLS","","","",""
"16721-15341","W","Ty","Rattie","1.600000023841858","1","3000","CGY@STL","STL","CGY","","","",""
"16721-15358","W","Cory","Conacher","0","0","3000","TB@TOR","TB","TOR","","","",""
"16721-73827","W","Thomas","Di Pauli","0","0","3000","FLA@PIT","PIT","FLA","","","",""
"16721-15349","D","Joe","Morrow","1.600000023841858","2","3000","MIN@BOS","BOS","MIN","","","",""
"16721-21926","D","Brian","Dumoulin","4.266666730244954","6","3000","FLA@PIT","PIT","FLA","","","",""
"16721-8759","C","Derek","MacKenzie","4.8799999237060545","5","3000","FLA@PIT","FLA","PIT","","","",""
"16721-21932","W","Beau","Bennett","2.4000000953674316","4","3000","ARI@NJ","NJ","ARI","","","",""
"16721-15252","C","Lukas","Sedlak","3.200000047683716","2","3000","CLS@LA","CLS","LA","","","",""
"16721-15293","D","Jamie","Oleksiak","0","2","3000","WPG@DAL","DAL","WPG","","","",""
"16721-73949","C","Joel","Eriksson Ek","9.199999809265137","2","3000","MIN@BOS","MIN","BOS","","","",""
"16721-73932","W","Roman","Lyubimov","0.800000011920929","2","3000","BUF@PHI","PHI","BUF","","","",""
"16721-38933","D","Slater","Koekkoek","3.7333331637912326","9","3000","TB@TOR","TB","TOR","","","",""
"16721-8868","W","Erik","Condra","4.2666665536386","54","3000","TB@TOR","TB","TOR","","","",""
"16721-8887","W","Ryan","Reaves","1.0666666825612385","6","3000","CGY@STL","STL","CGY","","","",""
"16721-42983","W","Joel","Armia","3.5999999046325684","4","3000","WPG@DAL","WPG","DAL","","","",""
"16721-8847","D","Robert","Bortuzzo","4.266666730244954","3","3000","CGY@STL","STL","CGY","","","",""
"16721-8863","W","Tom","Sestito","0.9600000381469727","5","3000","FLA@PIT","PIT","FLA","","","",""
"16721-11245","D","Brian","Strait","4.361538520226111","52","3000","WPG@DAL","WPG","DAL","","","",""
"16721-12192","C","Jacob","Josefson","4.433333396911621","3","3000","ARI@NJ","NJ","ARI","","","",""
"16721-39296","W","Curtis","McKenzie","4.799999872843425","3","3000","WPG@DAL","DAL","WPG","","","",""
"16721-12285","D","Taylor","Doherty","0","0","3000","TB@TOR","TOR","TB","","","",""
"16721-11147","D","T.J.","Brennan","5.371428353445871","7","3000","BUF@PHI","PHI","BUF","","","",""
"16721-12847","W","Landon","Ferraro","3.8352939381318936","68","3000","CGY@STL","STL","CGY","","","",""
"16721-8966","W","Trevor","Lewis","2.8799999237060545","5","3000","CLS@LA","LA","CLS","","","",""
"16721-8961","D","Andrew","Campbell","4.266666730244954","6","3000","TB@TOR","TOR","TB","","","",""
"16721-13954","D","David","Warsofsky","4.800000190734863","1","3000","FLA@PIT","PIT","FLA","","","",""
"16721-9203","W","Tom","Pyatt","10.640000152587891","5","3000","OTT@VAN","OTT","VAN","","","",""
"16721-12094","D","Kevin","Connauton","1.600000023841858","1","3000","ARI@NJ","ARI","NJ","","","",""
"16721-9196","W","Matt","Martin","2.8799999237060545","5","3000","TB@TOR","TOR","TB","","","",""
"16721-9185","D","Colby","Robak","0","0","3000","CGY@STL","CGY","STL","","","",""
"16721-58880","C","Ivan","Barbashev","0","0","3000","CGY@STL","STL","CGY","","","",""
"16721-39242","C","Tim","Schaller","8","3","3000","MIN@BOS","BOS","MIN","","","",""
"16721-12121","D","Cody","Goloubef","4.855814024459484","43","3000","CLS@LA","CLS","LA","","","",""
"16721-21521","C","Phil","Varone","0","3","3000","OTT@VAN","OTT","VAN","","","",""
"16721-11399","D","Michal","Jordan","3.4444444444444446","36","3000","CAR@DET","CAR","DET","","","",""
"16721-11396","C","Michael","Latta","3.0325579975926598","43","3000","CLS@LA","LA","CLS","","","",""
"16721-8287","D","Kyle","Quincey","3.2","5","3000","ARI@NJ","NJ","ARI","","","",""
"16721-11405","C","Ben","Smith","0.4000000059604645","4","3000","TB@TOR","TOR","TB","","","",""
"16721-12630","C","Michael","Chaput","5.099999904632568","8","3000","OTT@VAN","VAN","OTT","","","",""
"16721-8164","W","Chris","Thorburn","0","1","3000","WPG@DAL","WPG","DAL","","","",""
"16721-12625","W","Jordan","Weal","0.6857143129621234","14","3000","BUF@PHI","PHI","BUF","","","",""
"16721-8304","W","Jared","Boll","1.6","5","3000","ANH@SJ","ANH","SJ","","","",""
"16721-8185","W","Shawn","Thornton","2.8","50","3000","FLA@PIT","FLA","PIT","","","",""
"16721-9290","W","Bryan","Bickell","1.9200000762939453","5","3000","CAR@DET","CAR","DET","","","",""
"16721-12607","W","Quinton","Howden","3.696551618904903","58","3000","WPG@DAL","WPG","DAL","","","",""
"16721-13657","C","Derek","Grant","1.600000023841858","4","3000","BUF@PHI","BUF","PHI","","","",""
"16721-66620","W","Christian","Fischer","0","0","3000","ARI@NJ","ARI","NJ","","","",""
"16721-66611","W","Lawson","Crouse","2","4","3000","ARI@NJ","ARI","NJ","","","",""
"16721-39677","C","Brendan","Gaunce","2.6666666666666665","6","3000","OTT@VAN","VAN","OTT","","","",""
"16721-9314","D","Paul","Postma","2.2399999618530275","5","3000","WPG@DAL","WPG","DAL","","","",""
"16721-11295","D","Steven","Kampfer","4.912765827584774","47","3000","FLA@PIT","FLA","PIT","","","",""
"16721-54850","C","Gemel","Smith","1.600000023841858","1","3000","WPG@DAL","DAL","WPG","","","",""
"16721-66759","D","Thomas","Chabot","1.600000023841858","1","3000","OTT@VAN","OTT","VAN","","","",""
"16721-13742","D","Ben","Chiarot","1.600000023841858","4","3000","WPG@DAL","WPG","DAL","","","",""
"16721-13743","D","Mark","Borowiecki","2.5600000381469727","5","3000","OTT@VAN","OTT","VAN","","","",""
"16721-12744","D","Mark","Pysyk","1.9200000762939453","5","3000","FLA@PIT","FLA","PIT","","","",""
"16721-12738","W","Jordan","Nolan","1.6000000635782878","3","3000","CLS@LA","LA","CLS","","","",""
"16721-8330","D","Nicklas","Grossmann","1.600000023841858","1","3000","CGY@STL","CGY","STL","","","",""
"16721-66709","W","Jared","McCann","1.6","5","3000","FLA@PIT","FLA","PIT","","","",""
"16721-12732","C","Michael","Sgarbossa","1.600000023841858","1","3000","ANH@SJ","ANH","SJ","","","",""
"16721-70118","W","Miles","Wood","2.4000000953674316","2","3000","ARI@NJ","NJ","ARI","","","",""
"16721-8320","W","Steve","Ott","1.6000000635782878","3","3000","CAR@DET","DET","CAR","","","",""
"16721-70128","C","Danton","Heinen","1.600000023841858","4","3000","MIN@BOS","BOS","MIN","","","",""
"16721-68648","C","Sean","Kuraly","0","0","3000","MIN@BOS","BOS","MIN","","","",""
"16721-66746","W","Blake","Speers","2.133333365122477","3","3000","ARI@NJ","NJ","ARI","","","",""
"16721-68646","W","Brandon","Tanev","1.9200000762939453","5","3000","WPG@DAL","WPG","DAL","","","",""
"16721-8376","C","Gregory","Campbell","3.4439023645912727","82","3000","CLS@LA","CLS","LA","O","Suspension","",""
"16721-8368","D","Tom","Gilbert","6.566666920979817","3","3000","CLS@LA","LA","CLS","","","",""
"16721-11363","W","Brandon","Bollig","3.1407408537688077","54","3000","CGY@STL","CGY","STL","","","",""
"16721-23050","D","Klas","Dahlbeck","2.4000000953674316","4","3000","CAR@DET","CAR","DET","","","",""
"16721-23052","W","Teemu","Pulkkinen","3.3333333333333335","6","3000","MIN@BOS","MIN","BOS","","","",""
"16721-62861","W","Noel","Acciari","4.479999923706055","5","3000","MIN@BOS","BOS","MIN","","","",""
"16721-62856","W","Sergey","Kalinin","0","1","3000","ARI@NJ","NJ","ARI","","","",""
"16721-43140","C","Barclay","Goodrow","3.1142856052943637","14","3000","ANH@SJ","SJ","ANH","","","",""
"16721-12288","W","Tommy","Wingels","2.6666666666666665","6","3000","ANH@SJ","SJ","ANH","","","",""
"16721-14480","W","Nicolas","Deslauriers","1.600000023841858","4","3000","BUF@PHI","BUF","PHI","","","",""
"16721-14486","W","Garrett","Wilson","1.7655172676875674","29","3000","FLA@PIT","PIT","FLA","","","",""
"16721-8484","W","David","Clarkson","3.8260869565217392","23","3000","CLS@LA","CLS","LA","IR","Back","",""
"16721-14477","W","Byron","Froese","3.3428570883614674","56","3000","TB@TOR","TOR","TB","","","",""
"16721-14469","C","Freddie","Hamilton","0","1","3000","CGY@STL","CGY","STL","","","",""
"16721-70909","C","Logan","Brown","0","0","3000","OTT@VAN","OTT","VAN","","","",""
"16721-8648","D","Barret","Jackman","3.8904109589041096","73","3000","CGY@STL","STL","CGY","","","",""
"16721-43132","W","Martin","Frk","3.200000047683716","1","3000","CAR@DET","CAR","DET","","","",""
"16721-54066","D","Petteri","Lindbohm","3.2","10","3000","CGY@STL","STL","CGY","","","",""
"16721-15363","W","Tomas","Jurco","3.1636362942782315","44","3000","CAR@DET","DET","CAR","IR","Back","",""
"16721-43011","C","Laurent","Dauphin","6.6400001525878904","5","3000","ARI@NJ","ARI","NJ","","","",""
"16721-8576","C","Vernon","Fiddler","0.9600000381469727","5","3000","ARI@NJ","NJ","ARI","","","",""
"16721-8581","C","Kevin","Porter","2.887804915265339","41","3000","FLA@PIT","PIT","FLA","","","",""
"16721-8637","C","Jay","McClement","1.6","5","3000","CAR@DET","CAR","DET","","","",""
"16721-37880","W","Scott","Laughton","5.329577378823724","71","3000","BUF@PHI","PHI","BUF","IR","Knee","",""
"16721-8622","W","Devin","Setoguchi","4.479999923706055","5","3000","CLS@LA","LA","CLS","","","",""